,p_low,entropy_max,area_max,alpha,accuracy_conf,inconclusive_rate,precision_conf,recall_conf,f1_conf,counts_neg,counts_pos,counts_inc
0,0.18,2.2,,0.3,0.7513513513513513,0.63,0.48,0.5454545454545454,0.5106382978723404,135,50,315
1,0.18,2.2,,0.4,0.7513513513513513,0.63,0.48,0.5454545454545454,0.5106382978723404,135,50,315
2,0.18,2.2,,0.5,0.7513513513513513,0.63,0.48,0.5454545454545454,0.5106382978723404,135,50,315
3,0.18,2.2,,0.6,0.7513513513513513,0.63,0.48,0.5454545454545454,0.5106382978723404,135,50,315
4,0.18,2.2,,0.7,0.7513513513513513,0.63,0.48,0.5454545454545454,0.5106382978723404,135,50,315
5,0.18,2.2,0.3,0.3,0.7513513513513513,0.63,0.48,0.5454545454545454,0.5106382978723404,135,50,315
6,0.18,2.2,0.3,0.4,0.7513513513513513,0.63,0.48,0.5454545454545454,0.5106382978723404,135,50,315
7,0.18,2.2,0.3,0.5,0.7513513513513513,0.63,0.48,0.5454545454545454,0.5106382978723404,135,50,315
8,0.18,2.2,0.3,0.6,0.7513513513513513,0.63,0.48,0.5454545454545454,0.5106382978723404,135,50,315
9,0.18,2.2,0.3,0.7,0.7513513513513513,0.63,0.48,0.5454545454545454,0.5106382978723404,135,50,315
10,0.18,2.2,0.25,0.3,0.7513513513513513,0.63,0.48,0.5454545454545454,0.5106382978723404,135,50,315
11,0.18,2.2,0.25,0.4,0.7513513513513513,0.63,0.48,0.5454545454545454,0.5106382978723404,135,50,315
12,0.18,2.2,0.25,0.5,0.7513513513513513,0.63,0.48,0.5454545454545454,0.5106382978723404,135,50,315
13,0.18,2.2,0.25,0.6,0.7513513513513513,0.63,0.48,0.5454545454545454,0.5106382978723404,135,50,315
14,0.18,2.2,0.25,0.7,0.7513513513513513,0.63,0.48,0.5454545454545454,0.5106382978723404,135,50,315
15,0.18,2.2,0.2,0.3,0.7513513513513513,0.63,0.48,0.5454545454545454,0.5106382978723404,135,50,315
16,0.18,2.2,0.2,0.4,0.7513513513513513,0.63,0.48,0.5454545454545454,0.5106382978723404,135,50,315
17,0.18,2.2,0.2,0.5,0.7513513513513513,0.63,0.48,0.5454545454545454,0.5106382978723404,135,50,315
18,0.18,2.2,0.2,0.6,0.7513513513513513,0.63,0.48,0.5454545454545454,0.5106382978723404,135,50,315
19,0.18,2.2,0.2,0.7,0.7513513513513513,0.63,0.48,0.5454545454545454,0.5106382978723404,135,50,315
20,0.18,2.2,0.15,0.3,0.7527472527472527,0.636,0.46808510638297873,0.5238095238095238,0.4943820224719101,135,47,318
21,0.18,2.2,0.15,0.4,0.75,0.632,0.46938775510204084,0.5348837209302325,0.5,135,49,316
22,0.18,2.2,0.15,0.5,0.7513513513513513,0.63,0.48,0.5454545454545454,0.5106382978723404,135,50,315
23,0.18,2.2,0.15,0.6,0.7513513513513513,0.63,0.48,0.5454545454545454,0.5106382978723404,135,50,315
24,0.18,2.2,0.15,0.7,0.7513513513513513,0.63,0.48,0.5454545454545454,0.5106382978723404,135,50,315
25,0.18,2.6,,0.3,0.695067264573991,0.554,0.45454545454545453,0.6666666666666666,0.5405405405405406,135,88,277
26,0.18,2.6,,0.4,0.695067264573991,0.554,0.45454545454545453,0.6666666666666666,0.5405405405405406,135,88,277
27,0.18,2.6,,0.5,0.695067264573991,0.554,0.45454545454545453,0.6666666666666666,0.5405405405405406,135,88,277
28,0.18,2.6,,0.6,0.695067264573991,0.554,0.45454545454545453,0.6666666666666666,0.5405405405405406,135,88,277
29,0.18,2.6,,0.7,0.695067264573991,0.554,0.45454545454545453,0.6666666666666666,0.5405405405405406,135,88,277
30,0.18,2.6,0.3,0.3,0.695067264573991,0.554,0.45454545454545453,0.6666666666666666,0.5405405405405406,135,88,277
31,0.18,2.6,0.3,0.4,0.695067264573991,0.554,0.45454545454545453,0.6666666666666666,0.5405405405405406,135,88,277
32,0.18,2.6,0.3,0.5,0.695067264573991,0.554,0.45454545454545453,0.6666666666666666,0.5405405405405406,135,88,277
33,0.18,2.6,0.3,0.6,0.695067264573991,0.554,0.45454545454545453,0.6666666666666666,0.5405405405405406,135,88,277
34,0.18,2.6,0.3,0.7,0.695067264573991,0.554,0.45454545454545453,0.6666666666666666,0.5405405405405406,135,88,277
35,0.18,2.6,0.25,0.3,0.695067264573991,0.554,0.45454545454545453,0.6666666666666666,0.5405405405405406,135,88,277
36,0.18,2.6,0.25,0.4,0.695067264573991,0.554,0.45454545454545453,0.6666666666666666,0.5405405405405406,135,88,277
37,0.18,2.6,0.25,0.5,0.695067264573991,0.554,0.45454545454545453,0.6666666666666666,0.5405405405405406,135,88,277
38,0.18,2.6,0.25,0.6,0.695067264573991,0.554,0.45454545454545453,0.6666666666666666,0.5405405405405406,135,88,277
39,0.18,2.6,0.25,0.7,0.695067264573991,0.554,0.45454545454545453,0.6666666666666666,0.5405405405405406,135,88,277
40,0.18,2.6,0.2,0.3,0.6944444444444444,0.568,0.43209876543209874,0.6363636363636364,0.5147058823529411,135,81,284
41,0.18,2.6,0.2,0.4,0.6923076923076923,0.558,0.4418604651162791,0.6551724137931034,0.5277777777777778,135,86,279
42,0.18,2.6,0.2,0.5,0.695067264573991,0.554,0.45454545454545453,0.6666666666666666,0.5405405405405406,135,88,277
43,0.18,2.6,0.2,0.6,0.695067264573991,0.554,0.45454545454545453,0.6666666666666666,0.5405405405405406,135,88,277
44,0.18,2.6,0.2,0.7,0.695067264573991,0.554,0.45454545454545453,0.6666666666666666,0.5405405405405406,135,88,277
45,0.18,2.6,0.15,0.3,0.743455497382199,0.618,0.48214285714285715,0.574468085106383,0.5242718446601942,135,56,309
46,0.18,2.6,0.15,0.4,0.7014218009478673,0.578,0.4342105263157895,0.6226415094339622,0.5116279069767442,135,76,289
47,0.18,2.6,0.15,0.5,0.6909090909090909,0.56,0.43529411764705883,0.6491228070175439,0.5211267605633803,135,85,280
48,0.18,2.6,0.15,0.6,0.6936936936936937,0.556,0.4482758620689655,0.6610169491525424,0.5342465753424658,135,87,278
49,0.18,2.6,0.15,0.7,0.695067264573991,0.554,0.45454545454545453,0.6666666666666666,0.5405405405405406,135,88,277
50,0.18,3.0,,0.3,0.6870748299319728,0.412,0.5471698113207547,0.8130841121495327,0.6541353383458647,135,159,206
51,0.18,3.0,,0.4,0.6870748299319728,0.412,0.5471698113207547,0.8130841121495327,0.6541353383458647,135,159,206
52,0.18,3.0,,0.5,0.6870748299319728,0.412,0.5471698113207547,0.8130841121495327,0.6541353383458647,135,159,206
53,0.18,3.0,,0.6,0.6870748299319728,0.412,0.5471698113207547,0.8130841121495327,0.6541353383458647,135,159,206
54,0.18,3.0,,0.7,0.6870748299319728,0.412,0.5471698113207547,0.8130841121495327,0.6541353383458647,135,159,206
55,0.18,3.0,0.3,0.3,0.686411149825784,0.426,0.5394736842105263,0.803921568627451,0.6456692913385826,135,152,213
56,0.18,3.0,0.3,0.4,0.6870748299319728,0.412,0.5471698113207547,0.8130841121495327,0.6541353383458647,135,159,206
57,0.18,3.0,0.3,0.5,0.6870748299319728,0.412,0.5471698113207547,0.8130841121495327,0.6541353383458647,135,159,206
58,0.18,3.0,0.3,0.6,0.6870748299319728,0.412,0.5471698113207547,0.8130841121495327,0.6541353383458647,135,159,206
59,0.18,3.0,0.3,0.7,0.6870748299319728,0.412,0.5471698113207547,0.8130841121495327,0.6541353383458647,135,159,206
60,0.18,3.0,0.25,0.3,0.6718146718146718,0.482,0.47580645161290325,0.7468354430379747,0.5812807881773399,135,124,241
61,0.18,3.0,0.25,0.4,0.684931506849315,0.416,0.5414012738853503,0.8095238095238095,0.648854961832061,135,157,208
62,0.18,3.0,0.25,0.5,0.6870748299319728,0.412,0.5471698113207547,0.8130841121495327,0.6541353383458647,135,159,206
63,0.18,3.0,0.25,0.6,0.6870748299319728,0.412,0.5471698113207547,0.8130841121495327,0.6541353383458647,135,159,206
64,0.18,3.0,0.25,0.7,0.6870748299319728,0.412,0.5471698113207547,0.8130841121495327,0.6541353383458647,135,159,206
65,0.18,3.0,0.2,0.3,0.6869565217391305,0.54,0.45263157894736844,0.6825396825396826,0.5443037974683544,135,95,270
66,0.18,3.0,0.2,0.4,0.67578125,0.488,0.4793388429752066,0.7435897435897436,0.5829145728643216,135,121,244
67,0.18,3.0,0.2,0.5,0.6851211072664359,0.422,0.538961038961039,0.8058252427184466,0.6459143968871596,135,154,211
68,0.18,3.0,0.2,0.6,0.6870748299319728,0.412,0.5471698113207547,0.8130841121495327,0.6541353383458647,135,159,206
69,0.18,3.0,0.2,0.7,0.6870748299319728,0.412,0.5471698113207547,0.8130841121495327,0.6541353383458647,135,159,206
70,0.18,3.0,0.15,0.3,0.7409326424870466,0.614,0.4827586206896552,0.5833333333333334,0.5283018867924528,135,58,307
71,0.18,3.0,0.15,0.4,0.6782608695652174,0.54,0.43157894736842106,0.6721311475409836,0.5256410256410257,135,95,270
72,0.18,3.0,0.15,0.5,0.669260700389105,0.486,0.4672131147540984,0.7402597402597403,0.5728643216080402,135,122,243
73,0.18,3.0,0.15,0.6,0.6773049645390071,0.436,0.5170068027210885,0.7916666666666666,0.6255144032921811,135,147,218
74,0.18,3.0,0.15,0.7,0.684931506849315,0.416,0.5414012738853503,0.8095238095238095,0.648854961832061,135,157,208
75,0.18,3.4,,0.3,0.7568181818181818,0.12,0.7147540983606557,0.9159663865546218,0.8029465930018416,135,305,60
76,0.18,3.4,,0.4,0.7568181818181818,0.12,0.7147540983606557,0.9159663865546218,0.8029465930018416,135,305,60
77,0.18,3.4,,0.5,0.7568181818181818,0.12,0.7147540983606557,0.9159663865546218,0.8029465930018416,135,305,60
78,0.18,3.4,,0.6,0.7568181818181818,0.12,0.7147540983606557,0.9159663865546218,0.8029465930018416,135,305,60
79,0.18,3.4,,0.7,0.7568181818181818,0.12,0.7147540983606557,0.9159663865546218,0.8029465930018416,135,305,60
80,0.18,3.4,0.3,0.3,0.6842105263157895,0.392,0.5502958579881657,0.8230088495575221,0.6595744680851063,135,169,196
81,0.18,3.4,0.3,0.4,0.7360406091370558,0.212,0.6756756756756757,0.8974358974358975,0.7709251101321586,135,259,106
82,0.18,3.4,0.3,0.5,0.7591743119266054,0.128,0.717607973421927,0.9152542372881356,0.8044692737430168,135,301,64
83,0.18,3.4,0.3,0.6,0.7568181818181818,0.12,0.7147540983606557,0.9159663865546218,0.8029465930018416,135,305,60
84,0.18,3.4,0.3,0.7,0.7568181818181818,0.12,0.7147540983606557,0.9159663865546218,0.8029465930018416,135,305,60
85,0.18,3.4,0.25,0.3,0.6716981132075471,0.47,0.4846153846153846,0.7590361445783133,0.5915492957746479,135,130,235
86,0.18,3.4,0.25,0.4,0.7011834319526628,0.324,0.6009852216748769,0.8591549295774648,0.7072463768115942,135,203,162
87,0.18,3.4,0.25,0.5,0.75,0.168,0.701067615658363,0.9078341013824884,0.7911646586345381,135,281,84
88,0.18,3.4,0.25,0.6,0.7579908675799086,0.124,0.7161716171617162,0.9156118143459916,0.8037037037037037,135,303,62
89,0.18,3.4,0.25,0.7,0.7568181818181818,0.12,0.7147540983606557,0.9159663865546218,0.8029465930018416,135,305,60
90,0.18,3.4,0.2,0.3,0.6869565217391305,0.54,0.45263157894736844,0.6825396825396826,0.5443037974683544,135,95,270
91,0.18,3.4,0.2,0.4,0.6691729323308271,0.468,0.48091603053435117,0.7590361445783133,0.5887850467289719,135,131,234
92,0.18,3.4,0.2,0.5,0.7044776119402985,0.33,0.605,0.8581560283687943,0.7096774193548387,135,200,165
93,0.18,3.4,0.2,0.6,0.7439024390243902,0.18,0.6909090909090909,0.9047619047619048,0.7835051546391752,135,275,90
94,0.18,3.4,0.2,0.7,0.7557077625570776,0.124,0.7128712871287128,0.9152542372881356,0.8014842300556586,135,303,62
95,0.18,3.4,0.15,0.3,0.7409326424870466,0.614,0.4827586206896552,0.5833333333333334,0.5283018867924528,135,58,307
96,0.18,3.4,0.15,0.4,0.6796536796536796,0.538,0.4375,0.6774193548387096,0.5316455696202531,135,96,269
97,0.18,3.4,0.15,0.5,0.6691449814126395,0.462,0.48507462686567165,0.7647058823529411,0.593607305936073,135,134,231
98,0.18,3.4,0.15,0.6,0.7,0.32,0.6,0.8601398601398601,0.7068965517241379,135,205,160
99,0.18,3.4,0.15,0.7,0.7529976019184652,0.166,0.7056737588652482,0.908675799086758,0.7944111776447106,135,282,83
100,0.18,3.8,,0.3,0.78,0.0,0.7534246575342466,0.9322033898305084,0.8333333333333334,135,365,0
101,0.18,3.8,,0.4,0.78,0.0,0.7534246575342466,0.9322033898305084,0.8333333333333334,135,365,0
102,0.18,3.8,,0.5,0.78,0.0,0.7534246575342466,0.9322033898305084,0.8333333333333334,135,365,0
103,0.18,3.8,,0.6,0.78,0.0,0.7534246575342466,0.9322033898305084,0.8333333333333334,135,365,0
104,0.18,3.8,,0.7,0.78,0.0,0.7534246575342466,0.9322033898305084,0.8333333333333334,135,365,0
105,0.18,3.8,0.3,0.3,0.6842105263157895,0.392,0.5502958579881657,0.8230088495575221,0.6595744680851063,135,169,196
106,0.18,3.8,0.3,0.4,0.7368421052631579,0.202,0.678030303030303,0.8994974874371859,0.7732181425485961,135,264,101
107,0.18,3.8,0.3,0.5,0.7735849056603774,0.046,0.7426900584795322,0.927007299270073,0.8246753246753247,135,342,23
108,0.18,3.8,0.3,0.6,0.7782258064516129,0.008,0.7506925207756233,0.9312714776632303,0.8312883435582822,135,361,4
109,0.18,3.8,0.3,0.7,0.779559118236473,0.002,0.7527472527472527,0.9319727891156463,0.8328267477203647,135,364,1
110,0.18,3.8,0.25,0.3,0.6716981132075471,0.47,0.4846153846153846,0.7590361445783133,0.5915492957746479,135,130,235
111,0.18,3.8,0.25,0.4,0.7011834319526628,0.324,0.6009852216748769,0.8591549295774648,0.7072463768115942,135,203,162
112,0.18,3.8,0.25,0.5,0.7574370709382151,0.126,0.7152317880794702,0.9152542372881356,0.8029739776951673,135,302,63
113,0.18,3.8,0.25,0.6,0.7780040733197556,0.018,0.75,0.9303135888501742,0.8304821150855366,135,356,9
114,0.18,3.8,0.25,0.7,0.779559118236473,0.002,0.7527472527472527,0.9319727891156463,0.8328267477203647,135,364,1
115,0.18,3.8,0.2,0.3,0.6869565217391305,0.54,0.45263157894736844,0.6825396825396826,0.5443037974683544,135,95,270
116,0.18,3.8,0.2,0.4,0.6691729323308271,0.468,0.48091603053435117,0.7590361445783133,0.5887850467289719,135,131,234
117,0.18,3.8,0.2,0.5,0.7032640949554896,0.326,0.6039603960396039,0.8591549295774648,0.7093023255813954,135,202,163
118,0.18,3.8,0.2,0.6,0.7511520737327189,0.132,0.705685618729097,0.9134199134199135,0.7962264150943397,135,299,66
119,0.18,3.8,0.2,0.7,0.7768762677484787,0.014,0.7486033519553073,0.9305555555555556,0.8297213622291022,135,358,7
120,0.18,3.8,0.15,0.3,0.7409326424870466,0.614,0.4827586206896552,0.5833333333333334,0.5283018867924528,135,58,307
121,0.18,3.8,0.15,0.4,0.6796536796536796,0.538,0.4375,0.6774193548387096,0.5316455696202531,135,96,269
122,0.18,3.8,0.15,0.5,0.6691449814126395,0.462,0.48507462686567165,0.7647058823529411,0.593607305936073,135,134,231
123,0.18,3.8,0.15,0.6,0.6997084548104956,0.314,0.6009615384615384,0.8620689655172413,0.7082152974504249,135,208,157
124,0.18,3.8,0.15,0.7,0.7665198237885462,0.092,0.7304075235109718,0.9209486166007905,0.8146853146853147,135,319,46
125,0.2,2.2,,0.3,0.7540106951871658,0.626,0.4888888888888889,0.4888888888888889,0.4888888888888889,142,45,313
126,0.2,2.2,,0.4,0.7540106951871658,0.626,0.4888888888888889,0.4888888888888889,0.4888888888888889,142,45,313
127,0.2,2.2,,0.5,0.7540106951871658,0.626,0.4888888888888889,0.4888888888888889,0.4888888888888889,142,45,313
128,0.2,2.2,,0.6,0.7540106951871658,0.626,0.4888888888888889,0.4888888888888889,0.4888888888888889,142,45,313
129,0.2,2.2,,0.7,0.7540106951871658,0.626,0.4888888888888889,0.4888888888888889,0.4888888888888889,142,45,313
130,0.2,2.2,0.3,0.3,0.7540106951871658,0.626,0.4888888888888889,0.4888888888888889,0.4888888888888889,142,45,313
131,0.2,2.2,0.3,0.4,0.7540106951871658,0.626,0.4888888888888889,0.4888888888888889,0.4888888888888889,142,45,313
132,0.2,2.2,0.3,0.5,0.7540106951871658,0.626,0.4888888888888889,0.4888888888888889,0.4888888888888889,142,45,313
133,0.2,2.2,0.3,0.6,0.7540106951871658,0.626,0.4888888888888889,0.4888888888888889,0.4888888888888889,142,45,313
134,0.2,2.2,0.3,0.7,0.7540106951871658,0.626,0.4888888888888889,0.4888888888888889,0.4888888888888889,142,45,313
135,0.2,2.2,0.25,0.3,0.7540106951871658,0.626,0.4888888888888889,0.4888888888888889,0.4888888888888889,142,45,313
136,0.2,2.2,0.25,0.4,0.7540106951871658,0.626,0.4888888888888889,0.4888888888888889,0.4888888888888889,142,45,313
137,0.2,2.2,0.25,0.5,0.7540106951871658,0.626,0.4888888888888889,0.4888888888888889,0.4888888888888889,142,45,313
138,0.2,2.2,0.25,0.6,0.7540106951871658,0.626,0.4888888888888889,0.4888888888888889,0.4888888888888889,142,45,313
139,0.2,2.2,0.25,0.7,0.7540106951871658,0.626,0.4888888888888889,0.4888888888888889,0.4888888888888889,142,45,313
140,0.2,2.2,0.2,0.3,0.7540106951871658,0.626,0.4888888888888889,0.4888888888888889,0.4888888888888889,142,45,313
141,0.2,2.2,0.2,0.4,0.7540106951871658,0.626,0.4888888888888889,0.4888888888888889,0.4888888888888889,142,45,313
142,0.2,2.2,0.2,0.5,0.7540106951871658,0.626,0.4888888888888889,0.4888888888888889,0.4888888888888889,142,45,313
143,0.2,2.2,0.2,0.6,0.7540106951871658,0.626,0.4888888888888889,0.4888888888888889,0.4888888888888889,142,45,313
144,0.2,2.2,0.2,0.7,0.7540106951871658,0.626,0.4888888888888889,0.4888888888888889,0.4888888888888889,142,45,313
145,0.2,2.2,0.15,0.3,0.7554347826086957,0.632,0.47619047619047616,0.46511627906976744,0.47058823529411764,142,42,316
146,0.2,2.2,0.15,0.4,0.7526881720430108,0.628,0.4772727272727273,0.4772727272727273,0.4772727272727273,142,44,314
147,0.2,2.2,0.15,0.5,0.7540106951871658,0.626,0.4888888888888889,0.4888888888888889,0.4888888888888889,142,45,313
148,0.2,2.2,0.15,0.6,0.7540106951871658,0.626,0.4888888888888889,0.4888888888888889,0.4888888888888889,142,45,313
149,0.2,2.2,0.15,0.7,0.7540106951871658,0.626,0.4888888888888889,0.4888888888888889,0.4888888888888889,142,45,313
150,0.2,2.6,,0.3,0.7008928571428571,0.552,0.4634146341463415,0.6229508196721312,0.5314685314685315,142,82,276
151,0.2,2.6,,0.4,0.7008928571428571,0.552,0.4634146341463415,0.6229508196721312,0.5314685314685315,142,82,276
152,0.2,2.6,,0.5,0.7008928571428571,0.552,0.4634146341463415,0.6229508196721312,0.5314685314685315,142,82,276
153,0.2,2.6,,0.6,0.7008928571428571,0.552,0.4634146341463415,0.6229508196721312,0.5314685314685315,142,82,276
154,0.2,2.6,,0.7,0.7008928571428571,0.552,0.4634146341463415,0.6229508196721312,0.5314685314685315,142,82,276
155,0.2,2.6,0.3,0.3,0.7008928571428571,0.552,0.4634146341463415,0.6229508196721312,0.5314685314685315,142,82,276
156,0.2,2.6,0.3,0.4,0.7008928571428571,0.552,0.4634146341463415,0.6229508196721312,0.5314685314685315,142,82,276
157,0.2,2.6,0.3,0.5,0.7008928571428571,0.552,0.4634146341463415,0.6229508196721312,0.5314685314685315,142,82,276
158,0.2,2.6,0.3,0.6,0.7008928571428571,0.552,0.4634146341463415,0.6229508196721312,0.5314685314685315,142,82,276
159,0.2,2.6,0.3,0.7,0.7008928571428571,0.552,0.4634146341463415,0.6229508196721312,0.5314685314685315,142,82,276
160,0.2,2.6,0.25,0.3,0.7008928571428571,0.552,0.4634146341463415,0.6229508196721312,0.5314685314685315,142,82,276
161,0.2,2.6,0.25,0.4,0.7008928571428571,0.552,0.4634146341463415,0.6229508196721312,0.5314685314685315,142,82,276
162,0.2,2.6,0.25,0.5,0.7008928571428571,0.552,0.4634146341463415,0.6229508196721312,0.5314685314685315,142,82,276
163,0.2,2.6,0.25,0.6,0.7008928571428571,0.552,0.4634146341463415,0.6229508196721312,0.5314685314685315,142,82,276
164,0.2,2.6,0.25,0.7,0.7008928571428571,0.552,0.4634146341463415,0.6229508196721312,0.5314685314685315,142,82,276
165,0.2,2.6,0.2,0.3,0.7004608294930875,0.566,0.44,0.5892857142857143,0.5038167938931297,142,75,283
166,0.2,2.6,0.2,0.4,0.6981981981981982,0.556,0.45,0.6101694915254238,0.5179856115107914,142,80,278
167,0.2,2.6,0.2,0.5,0.7008928571428571,0.552,0.4634146341463415,0.6229508196721312,0.5314685314685315,142,82,276
168,0.2,2.6,0.2,0.6,0.7008928571428571,0.552,0.4634146341463415,0.6229508196721312,0.5314685314685315,142,82,276
169,0.2,2.6,0.2,0.7,0.7008928571428571,0.552,0.4634146341463415,0.6229508196721312,0.5314685314685315,142,82,276
170,0.2,2.6,0.15,0.3,0.7461139896373057,0.614,0.49019607843137253,0.5208333333333334,0.5050505050505051,142,51,307
171,0.2,2.6,0.15,0.4,0.7075471698113207,0.576,0.44285714285714284,0.5740740740740741,0.5,142,70,288
172,0.2,2.6,0.15,0.5,0.6968325791855203,0.558,0.4430379746835443,0.603448275862069,0.5109489051094891,142,79,279
173,0.2,2.6,0.15,0.6,0.6995515695067265,0.554,0.4567901234567901,0.6166666666666667,0.524822695035461,142,81,277
174,0.2,2.6,0.15,0.7,0.7008928571428571,0.552,0.4634146341463415,0.6229508196721312,0.5314685314685315,142,82,276
175,0.2,3.0,,0.3,0.6904761904761905,0.412,0.5526315789473685,0.7850467289719626,0.6486486486486487,142,152,206
176,0.2,3.0,,0.4,0.6904761904761905,0.412,0.5526315789473685,0.7850467289719626,0.6486486486486487,142,152,206
177,0.2,3.0,,0.5,0.6904761904761905,0.412,0.5526315789473685,0.7850467289719626,0.6486486486486487,142,152,206
178,0.2,3.0,,0.6,0.6904761904761905,0.412,0.5526315789473685,0.7850467289719626,0.6486486486486487,142,152,206
179,0.2,3.0,,0.7,0.6904761904761905,0.412,0.5526315789473685,0.7850467289719626,0.6486486486486487,142,152,206
180,0.2,3.0,0.3,0.3,0.6898954703832753,0.426,0.5448275862068965,0.7745098039215687,0.6396761133603239,142,145,213
181,0.2,3.0,0.3,0.4,0.6904761904761905,0.412,0.5526315789473685,0.7850467289719626,0.6486486486486487,142,152,206
182,0.2,3.0,0.3,0.5,0.6904761904761905,0.412,0.5526315789473685,0.7850467289719626,0.6486486486486487,142,152,206
183,0.2,3.0,0.3,0.6,0.6904761904761905,0.412,0.5526315789473685,0.7850467289719626,0.6486486486486487,142,152,206
184,0.2,3.0,0.3,0.7,0.6904761904761905,0.412,0.5526315789473685,0.7850467289719626,0.6486486486486487,142,152,206
185,0.2,3.0,0.25,0.3,0.676923076923077,0.48,0.4830508474576271,0.7125,0.5757575757575758,142,118,240
186,0.2,3.0,0.25,0.4,0.6883561643835616,0.416,0.5466666666666666,0.780952380952381,0.6431372549019608,142,150,208
187,0.2,3.0,0.25,0.5,0.6904761904761905,0.412,0.5526315789473685,0.7850467289719626,0.6486486486486487,142,152,206
188,0.2,3.0,0.25,0.6,0.6904761904761905,0.412,0.5526315789473685,0.7850467289719626,0.6486486486486487,142,152,206
189,0.2,3.0,0.25,0.7,0.6904761904761905,0.412,0.5526315789473685,0.7850467289719626,0.6486486486486487,142,152,206
190,0.2,3.0,0.2,0.3,0.6926406926406926,0.538,0.4606741573033708,0.640625,0.5359477124183006,142,89,269
191,0.2,3.0,0.2,0.4,0.6809338521400778,0.486,0.48695652173913045,0.7088607594936709,0.5773195876288659,142,115,243
192,0.2,3.0,0.2,0.5,0.6885813148788927,0.422,0.54421768707483,0.7766990291262136,0.64,142,147,211
193,0.2,3.0,0.2,0.6,0.6904761904761905,0.412,0.5526315789473685,0.7850467289719626,0.6486486486486487,142,152,206
194,0.2,3.0,0.2,0.7,0.6904761904761905,0.412,0.5526315789473685,0.7850467289719626,0.6486486486486487,142,152,206
195,0.2,3.0,0.15,0.3,0.7435897435897436,0.61,0.49056603773584906,0.5306122448979592,0.5098039215686274,142,53,305
196,0.2,3.0,0.15,0.4,0.683982683982684,0.538,0.43820224719101125,0.6290322580645161,0.5165562913907285,142,89,269
197,0.2,3.0,0.15,0.5,0.6744186046511628,0.484,0.47413793103448276,0.7051282051282052,0.5670103092783505,142,116,242
198,0.2,3.0,0.15,0.6,0.6808510638297872,0.436,0.5214285714285715,0.7604166666666666,0.6186440677966102,142,140,218
199,0.2,3.0,0.15,0.7,0.6883561643835616,0.416,0.5466666666666666,0.780952380952381,0.6431372549019608,142,150,208
200,0.2,3.4,,0.3,0.759090909090909,0.12,0.7214765100671141,0.9033613445378151,0.8022388059701493,142,298,60
201,0.2,3.4,,0.4,0.759090909090909,0.12,0.7214765100671141,0.9033613445378151,0.8022388059701493,142,298,60
202,0.2,3.4,,0.5,0.759090909090909,0.12,0.7214765100671141,0.9033613445378151,0.8022388059701493,142,298,60
203,0.2,3.4,,0.6,0.759090909090909,0.12,0.7214765100671141,0.9033613445378151,0.8022388059701493,142,298,60
204,0.2,3.4,,0.7,0.759090909090909,0.12,0.7214765100671141,0.9033613445378151,0.8022388059701493,142,298,60
205,0.2,3.4,0.3,0.3,0.6875,0.392,0.5555555555555556,0.7964601769911505,0.6545454545454545,142,162,196
206,0.2,3.4,0.3,0.4,0.7385786802030457,0.212,0.6825396825396826,0.882051282051282,0.7695749440715883,142,252,106
207,0.2,3.4,0.3,0.5,0.7614678899082569,0.128,0.7244897959183674,0.902542372881356,0.8037735849056604,142,294,64
208,0.2,3.4,0.3,0.6,0.759090909090909,0.12,0.7214765100671141,0.9033613445378151,0.8022388059701493,142,298,60
209,0.2,3.4,0.3,0.7,0.759090909090909,0.12,0.7214765100671141,0.9033613445378151,0.8022388059701493,142,298,60
210,0.2,3.4,0.25,0.3,0.6766917293233082,0.468,0.49193548387096775,0.7261904761904762,0.5865384615384616,142,124,234
211,0.2,3.4,0.25,0.4,0.7041420118343196,0.324,0.6071428571428571,0.8380281690140845,0.7041420118343196,142,196,162
212,0.2,3.4,0.25,0.5,0.7524038461538461,0.168,0.708029197080292,0.8940092165898618,0.790224032586558,142,274,84
213,0.2,3.4,0.25,0.6,0.7602739726027398,0.124,0.722972972972973,0.9029535864978903,0.8030018761726079,142,296,62
214,0.2,3.4,0.25,0.7,0.759090909090909,0.12,0.7214765100671141,0.9033613445378151,0.8022388059701493,142,298,60
215,0.2,3.4,0.2,0.3,0.6926406926406926,0.538,0.4606741573033708,0.640625,0.5359477124183006,142,89,269
216,0.2,3.4,0.2,0.4,0.6741573033707865,0.466,0.488,0.7261904761904762,0.583732057416268,142,125,233
217,0.2,3.4,0.2,0.5,0.7074626865671642,0.33,0.6113989637305699,0.8368794326241135,0.7065868263473054,142,193,165
218,0.2,3.4,0.2,0.6,0.7463414634146341,0.18,0.6977611940298507,0.8904761904761904,0.7824267782426778,142,268,90
219,0.2,3.4,0.2,0.7,0.7579908675799086,0.124,0.7195945945945946,0.902542372881356,0.8007518796992481,142,296,62
220,0.2,3.4,0.15,0.3,0.7435897435897436,0.61,0.49056603773584906,0.5306122448979592,0.5098039215686274,142,53,305
221,0.2,3.4,0.15,0.4,0.6853448275862069,0.536,0.4444444444444444,0.6349206349206349,0.5228758169934641,142,90,268
222,0.2,3.4,0.15,0.5,0.674074074074074,0.46,0.4921875,0.7325581395348837,0.5887850467289719,142,128,230
223,0.2,3.4,0.15,0.6,0.7029411764705882,0.32,0.6060606060606061,0.8391608391608392,0.7038123167155426,142,198,160
224,0.2,3.4,0.15,0.7,0.7553956834532374,0.166,0.7127272727272728,0.8949771689497716,0.7935222672064778,142,275,83
225,0.2,3.8,,0.3,0.782,0.0,0.7597765363128491,0.9220338983050848,0.8330781010719756,142,358,0
226,0.2,3.8,,0.4,0.782,0.0,0.7597765363128491,0.9220338983050848,0.8330781010719756,142,358,0
227,0.2,3.8,,0.5,0.782,0.0,0.7597765363128491,0.9220338983050848,0.8330781010719756,142,358,0
228,0.2,3.8,,0.6,0.782,0.0,0.7597765363128491,0.9220338983050848,0.8330781010719756,142,358,0
229,0.2,3.8,,0.7,0.782,0.0,0.7597765363128491,0.9220338983050848,0.8330781010719756,142,358,0
230,0.2,3.8,0.3,0.3,0.6875,0.392,0.5555555555555556,0.7964601769911505,0.6545454545454545,142,162,196
231,0.2,3.8,0.3,0.4,0.7393483709273183,0.202,0.6848249027237354,0.8844221105527639,0.7719298245614035,142,257,101
232,0.2,3.8,0.3,0.5,0.7756813417190775,0.046,0.7492537313432835,0.916058394160584,0.8243021346469622,142,335,23
233,0.2,3.8,0.3,0.6,0.780241935483871,0.008,0.7570621468926554,0.9209621993127147,0.8310077519379845,142,354,4
234,0.2,3.8,0.3,0.7,0.781563126252505,0.002,0.7591036414565826,0.9217687074829932,0.8325652841781874,142,357,1
235,0.2,3.8,0.25,0.3,0.6766917293233082,0.468,0.49193548387096775,0.7261904761904762,0.5865384615384616,142,124,234
236,0.2,3.8,0.25,0.4,0.7041420118343196,0.324,0.6071428571428571,0.8380281690140845,0.7041420118343196,142,196,162
237,0.2,3.8,0.25,0.5,0.7597254004576659,0.126,0.7220338983050848,0.902542372881356,0.8022598870056498,142,295,63
238,0.2,3.8,0.25,0.6,0.780040733197556,0.018,0.7564469914040115,0.9198606271777003,0.8301886792452831,142,349,9
239,0.2,3.8,0.25,0.7,0.781563126252505,0.002,0.7591036414565826,0.9217687074829932,0.8325652841781874,142,357,1
240,0.2,3.8,0.2,0.3,0.6926406926406926,0.538,0.4606741573033708,0.640625,0.5359477124183006,142,89,269
241,0.2,3.8,0.2,0.4,0.6741573033707865,0.466,0.488,0.7261904761904762,0.583732057416268,142,125,233
242,0.2,3.8,0.2,0.5,0.7062314540059347,0.326,0.6102564102564103,0.8380281690140845,0.7062314540059347,142,195,163
243,0.2,3.8,0.2,0.6,0.7534562211981567,0.132,0.7123287671232876,0.9004329004329005,0.7954110898661568,142,292,66
244,0.2,3.8,0.2,0.7,0.7789046653144016,0.014,0.7549857549857549,0.9201388888888888,0.8294209702660407,142,351,7
245,0.2,3.8,0.15,0.3,0.7435897435897436,0.61,0.49056603773584906,0.5306122448979592,0.5098039215686274,142,53,305
246,0.2,3.8,0.15,0.4,0.6853448275862069,0.536,0.4444444444444444,0.6349206349206349,0.5228758169934641,142,90,268
247,0.2,3.8,0.15,0.5,0.674074074074074,0.46,0.4921875,0.7325581395348837,0.5887850467289719,142,128,230
248,0.2,3.8,0.15,0.6,0.7026239067055393,0.314,0.6069651741293532,0.8413793103448276,0.7052023121387283,142,201,157
249,0.2,3.8,0.15,0.7,0.7687224669603524,0.092,0.7371794871794872,0.9090909090909091,0.8141592920353983,142,312,46
250,0.22,2.2,,0.3,0.7619047619047619,0.622,0.5,0.4,0.4444444444444444,153,36,311
251,0.22,2.2,,0.4,0.7619047619047619,0.622,0.5,0.4,0.4444444444444444,153,36,311
252,0.22,2.2,,0.5,0.7619047619047619,0.622,0.5,0.4,0.4444444444444444,153,36,311
253,0.22,2.2,,0.6,0.7619047619047619,0.622,0.5,0.4,0.4444444444444444,153,36,311
254,0.22,2.2,,0.7,0.7619047619047619,0.622,0.5,0.4,0.4444444444444444,153,36,311
255,0.22,2.2,0.3,0.3,0.7619047619047619,0.622,0.5,0.4,0.4444444444444444,153,36,311
256,0.22,2.2,0.3,0.4,0.7619047619047619,0.622,0.5,0.4,0.4444444444444444,153,36,311
257,0.22,2.2,0.3,0.5,0.7619047619047619,0.622,0.5,0.4,0.4444444444444444,153,36,311
258,0.22,2.2,0.3,0.6,0.7619047619047619,0.622,0.5,0.4,0.4444444444444444,153,36,311
259,0.22,2.2,0.3,0.7,0.7619047619047619,0.622,0.5,0.4,0.4444444444444444,153,36,311
260,0.22,2.2,0.25,0.3,0.7619047619047619,0.622,0.5,0.4,0.4444444444444444,153,36,311
261,0.22,2.2,0.25,0.4,0.7619047619047619,0.622,0.5,0.4,0.4444444444444444,153,36,311
262,0.22,2.2,0.25,0.5,0.7619047619047619,0.622,0.5,0.4,0.4444444444444444,153,36,311
263,0.22,2.2,0.25,0.6,0.7619047619047619,0.622,0.5,0.4,0.4444444444444444,153,36,311
264,0.22,2.2,0.25,0.7,0.7619047619047619,0.622,0.5,0.4,0.4444444444444444,153,36,311
265,0.22,2.2,0.2,0.3,0.7619047619047619,0.622,0.5,0.4,0.4444444444444444,153,36,311
266,0.22,2.2,0.2,0.4,0.7619047619047619,0.622,0.5,0.4,0.4444444444444444,153,36,311
267,0.22,2.2,0.2,0.5,0.7619047619047619,0.622,0.5,0.4,0.4444444444444444,153,36,311
268,0.22,2.2,0.2,0.6,0.7619047619047619,0.622,0.5,0.4,0.4444444444444444,153,36,311
269,0.22,2.2,0.2,0.7,0.7619047619047619,0.622,0.5,0.4,0.4444444444444444,153,36,311
270,0.22,2.2,0.15,0.3,0.7634408602150538,0.628,0.48484848484848486,0.37209302325581395,0.42105263157894735,153,33,314
271,0.22,2.2,0.15,0.4,0.7606382978723404,0.624,0.4857142857142857,0.38636363636363635,0.43037974683544306,153,35,312
272,0.22,2.2,0.15,0.5,0.7619047619047619,0.622,0.5,0.4,0.4444444444444444,153,36,311
273,0.22,2.2,0.15,0.6,0.7619047619047619,0.622,0.5,0.4,0.4444444444444444,153,36,311
274,0.22,2.2,0.15,0.7,0.7619047619047619,0.622,0.5,0.4,0.4444444444444444,153,36,311
275,0.22,2.6,,0.3,0.7142857142857143,0.552,0.4788732394366197,0.5573770491803278,0.5151515151515151,153,71,276
276,0.22,2.6,,0.4,0.7142857142857143,0.552,0.4788732394366197,0.5573770491803278,0.5151515151515151,153,71,276
277,0.22,2.6,,0.5,0.7142857142857143,0.552,0.4788732394366197,0.5573770491803278,0.5151515151515151,153,71,276
278,0.22,2.6,,0.6,0.7142857142857143,0.552,0.4788732394366197,0.5573770491803278,0.5151515151515151,153,71,276
279,0.22,2.6,,0.7,0.7142857142857143,0.552,0.4788732394366197,0.5573770491803278,0.5151515151515151,153,71,276
280,0.22,2.6,0.3,0.3,0.7142857142857143,0.552,0.4788732394366197,0.5573770491803278,0.5151515151515151,153,71,276
281,0.22,2.6,0.3,0.4,0.7142857142857143,0.552,0.4788732394366197,0.5573770491803278,0.5151515151515151,153,71,276
282,0.22,2.6,0.3,0.5,0.7142857142857143,0.552,0.4788732394366197,0.5573770491803278,0.5151515151515151,153,71,276
283,0.22,2.6,0.3,0.6,0.7142857142857143,0.552,0.4788732394366197,0.5573770491803278,0.5151515151515151,153,71,276
284,0.22,2.6,0.3,0.7,0.7142857142857143,0.552,0.4788732394366197,0.5573770491803278,0.5151515151515151,153,71,276
285,0.22,2.6,0.25,0.3,0.7142857142857143,0.552,0.4788732394366197,0.5573770491803278,0.5151515151515151,153,71,276
286,0.22,2.6,0.25,0.4,0.7142857142857143,0.552,0.4788732394366197,0.5573770491803278,0.5151515151515151,153,71,276
287,0.22,2.6,0.25,0.5,0.7142857142857143,0.552,0.4788732394366197,0.5573770491803278,0.5151515151515151,153,71,276
288,0.22,2.6,0.25,0.6,0.7142857142857143,0.552,0.4788732394366197,0.5573770491803278,0.5151515151515151,153,71,276
289,0.22,2.6,0.25,0.7,0.7142857142857143,0.552,0.4788732394366197,0.5573770491803278,0.5151515151515151,153,71,276
290,0.22,2.6,0.2,0.3,0.7142857142857143,0.566,0.453125,0.5178571428571429,0.48333333333333334,153,64,283
291,0.22,2.6,0.2,0.4,0.7117117117117117,0.556,0.463768115942029,0.5423728813559322,0.5,153,69,278
292,0.22,2.6,0.2,0.5,0.7142857142857143,0.552,0.4788732394366197,0.5573770491803278,0.5151515151515151,153,71,276
293,0.22,2.6,0.2,0.6,0.7142857142857143,0.552,0.4788732394366197,0.5573770491803278,0.5151515151515151,153,71,276
294,0.22,2.6,0.2,0.7,0.7142857142857143,0.552,0.4788732394366197,0.5573770491803278,0.5151515151515151,153,71,276
295,0.22,2.6,0.15,0.3,0.7538461538461538,0.61,0.5,0.4375,0.4666666666666667,153,42,305
296,0.22,2.6,0.15,0.4,0.7216981132075472,0.576,0.4576271186440678,0.5,0.4778761061946903,153,59,288
297,0.22,2.6,0.15,0.5,0.7104072398190046,0.558,0.45588235294117646,0.5344827586206896,0.49206349206349204,153,68,279
298,0.22,2.6,0.15,0.6,0.7130044843049327,0.554,0.4714285714285714,0.55,0.5076923076923077,153,70,277
299,0.22,2.6,0.15,0.7,0.7142857142857143,0.552,0.4788732394366197,0.5573770491803278,0.5151515151515151,153,71,276
300,0.22,3.0,,0.3,0.7006802721088435,0.412,0.5673758865248227,0.7476635514018691,0.6451612903225806,153,141,206
301,0.22,3.0,,0.4,0.7006802721088435,0.412,0.5673758865248227,0.7476635514018691,0.6451612903225806,153,141,206
302,0.22,3.0,,0.5,0.7006802721088435,0.412,0.5673758865248227,0.7476635514018691,0.6451612903225806,153,141,206
303,0.22,3.0,,0.6,0.7006802721088435,0.412,0.5673758865248227,0.7476635514018691,0.6451612903225806,153,141,206
304,0.22,3.0,,0.7,0.7006802721088435,0.412,0.5673758865248227,0.7476635514018691,0.6451612903225806,153,141,206
305,0.22,3.0,0.3,0.3,0.7003484320557491,0.426,0.5597014925373134,0.7352941176470589,0.635593220338983,153,134,213
306,0.22,3.0,0.3,0.4,0.7006802721088435,0.412,0.5673758865248227,0.7476635514018691,0.6451612903225806,153,141,206
307,0.22,3.0,0.3,0.5,0.7006802721088435,0.412,0.5673758865248227,0.7476635514018691,0.6451612903225806,153,141,206
308,0.22,3.0,0.3,0.6,0.7006802721088435,0.412,0.5673758865248227,0.7476635514018691,0.6451612903225806,153,141,206
309,0.22,3.0,0.3,0.7,0.7006802721088435,0.412,0.5673758865248227,0.7476635514018691,0.6451612903225806,153,141,206
310,0.22,3.0,0.25,0.3,0.6884615384615385,0.48,0.4953271028037383,0.6625,0.5668449197860963,153,107,240
311,0.22,3.0,0.25,0.4,0.6986301369863014,0.416,0.5611510791366906,0.7428571428571429,0.639344262295082,153,139,208
312,0.22,3.0,0.25,0.5,0.7006802721088435,0.412,0.5673758865248227,0.7476635514018691,0.6451612903225806,153,141,206
313,0.22,3.0,0.25,0.6,0.7006802721088435,0.412,0.5673758865248227,0.7476635514018691,0.6451612903225806,153,141,206
314,0.22,3.0,0.25,0.7,0.7006802721088435,0.412,0.5673758865248227,0.7476635514018691,0.6451612903225806,153,141,206
315,0.22,3.0,0.2,0.3,0.7056277056277056,0.538,0.47435897435897434,0.578125,0.5211267605633803,153,78,269
316,0.22,3.0,0.2,0.4,0.6926070038910506,0.486,0.5,0.6582278481012658,0.5683060109289617,153,104,243
317,0.22,3.0,0.2,0.5,0.698961937716263,0.422,0.5588235294117647,0.7378640776699029,0.6359832635983264,153,136,211
318,0.22,3.0,0.2,0.6,0.7006802721088435,0.412,0.5673758865248227,0.7476635514018691,0.6451612903225806,153,141,206
319,0.22,3.0,0.2,0.7,0.7006802721088435,0.412,0.5673758865248227,0.7476635514018691,0.6451612903225806,153,141,206
320,0.22,3.0,0.15,0.3,0.751269035532995,0.606,0.5,0.4489795918367347,0.4731182795698925,153,44,303
321,0.22,3.0,0.15,0.4,0.696969696969697,0.538,0.44871794871794873,0.5645161290322581,0.5,153,78,269
322,0.22,3.0,0.15,0.5,0.686046511627907,0.484,0.4857142857142857,0.6538461538461539,0.5573770491803278,153,105,242
323,0.22,3.0,0.15,0.6,0.6914893617021277,0.436,0.5348837209302325,0.71875,0.6133333333333333,153,129,218
324,0.22,3.0,0.15,0.7,0.6986301369863014,0.416,0.5611510791366906,0.7428571428571429,0.639344262295082,153,139,208
325,0.22,3.4,,0.3,0.7659090909090909,0.12,0.735191637630662,0.8865546218487395,0.8038095238095239,153,287,60
326,0.22,3.4,,0.4,0.7659090909090909,0.12,0.735191637630662,0.8865546218487395,0.8038095238095239,153,287,60
327,0.22,3.4,,0.5,0.7659090909090909,0.12,0.735191637630662,0.8865546218487395,0.8038095238095239,153,287,60
328,0.22,3.4,,0.6,0.7659090909090909,0.12,0.735191637630662,0.8865546218487395,0.8038095238095239,153,287,60
329,0.22,3.4,,0.7,0.7659090909090909,0.12,0.735191637630662,0.8865546218487395,0.8038095238095239,153,287,60
330,0.22,3.4,0.3,0.3,0.6973684210526315,0.392,0.5695364238410596,0.7610619469026548,0.6515151515151515,153,151,196
331,0.22,3.4,0.3,0.4,0.7461928934010152,0.212,0.6970954356846473,0.8615384615384616,0.7706422018348624,153,241,106
332,0.22,3.4,0.3,0.5,0.768348623853211,0.128,0.7385159010600707,0.885593220338983,0.8053949903660886,153,283,64
333,0.22,3.4,0.3,0.6,0.7659090909090909,0.12,0.735191637630662,0.8865546218487395,0.8038095238095239,153,287,60
334,0.22,3.4,0.3,0.7,0.7659090909090909,0.12,0.735191637630662,0.8865546218487395,0.8038095238095239,153,287,60
335,0.22,3.4,0.25,0.3,0.6879699248120301,0.468,0.504424778761062,0.6785714285714286,0.5786802030456852,153,113,234
336,0.22,3.4,0.25,0.4,0.7130177514792899,0.324,0.6216216216216216,0.8098591549295775,0.7033639143730887,153,185,162
337,0.22,3.4,0.25,0.5,0.7596153846153846,0.168,0.7224334600760456,0.8755760368663594,0.7916666666666666,153,263,84
338,0.22,3.4,0.25,0.6,0.7671232876712328,0.124,0.7368421052631579,0.8860759493670886,0.8045977011494253,153,285,62
339,0.22,3.4,0.25,0.7,0.7659090909090909,0.12,0.735191637630662,0.8865546218487395,0.8038095238095239,153,287,60
340,0.22,3.4,0.2,0.3,0.7056277056277056,0.538,0.47435897435897434,0.578125,0.5211267605633803,153,78,269
341,0.22,3.4,0.2,0.4,0.6853932584269663,0.466,0.5,0.6785714285714286,0.5757575757575758,153,114,233
342,0.22,3.4,0.2,0.5,0.7164179104477612,0.33,0.6263736263736264,0.8085106382978723,0.7058823529411765,153,182,165
343,0.22,3.4,0.2,0.6,0.7536585365853659,0.18,0.7120622568093385,0.8714285714285714,0.7837259100642399,153,257,90
344,0.22,3.4,0.2,0.7,0.7648401826484018,0.124,0.7333333333333333,0.885593220338983,0.8023032629558541,153,285,62
345,0.22,3.4,0.15,0.3,0.751269035532995,0.606,0.5,0.4489795918367347,0.4731182795698925,153,44,303
346,0.22,3.4,0.15,0.4,0.6982758620689655,0.536,0.45569620253164556,0.5714285714285714,0.5070422535211268,153,79,268
347,0.22,3.4,0.15,0.5,0.6851851851851852,0.46,0.5042735042735043,0.686046511627907,0.5812807881773399,153,117,230
348,0.22,3.4,0.15,0.6,0.711764705882353,0.32,0.6203208556149733,0.8111888111888111,0.703030303030303,153,187,160
349,0.22,3.4,0.15,0.7,0.762589928057554,0.166,0.7272727272727273,0.8767123287671232,0.7950310559006211,153,264,83
350,0.22,3.8,,0.3,0.788,0.0,0.7723342939481268,0.9084745762711864,0.8348909657320872,153,347,0
351,0.22,3.8,,0.4,0.788,0.0,0.7723342939481268,0.9084745762711864,0.8348909657320872,153,347,0
352,0.22,3.8,,0.5,0.788,0.0,0.7723342939481268,0.9084745762711864,0.8348909657320872,153,347,0
353,0.22,3.8,,0.6,0.788,0.0,0.7723342939481268,0.9084745762711864,0.8348909657320872,153,347,0
354,0.22,3.8,,0.7,0.788,0.0,0.7723342939481268,0.9084745762711864,0.8348909657320872,153,347,0
355,0.22,3.8,0.3,0.3,0.6973684210526315,0.392,0.5695364238410596,0.7610619469026548,0.6515151515151515,153,151,196
356,0.22,3.8,0.3,0.4,0.7468671679197995,0.202,0.6991869918699187,0.864321608040201,0.7730337078651686,153,246,101
357,0.22,3.8,0.3,0.5,0.7819706498951782,0.046,0.7623456790123457,0.9014598540145985,0.8260869565217391,153,324,23
358,0.22,3.8,0.3,0.6,0.7862903225806451,0.008,0.7696793002915452,0.9072164948453608,0.832807570977918,153,343,4
359,0.22,3.8,0.3,0.7,0.7875751503006012,0.002,0.7716763005780347,0.9081632653061225,0.834375,153,346,1
360,0.22,3.8,0.25,0.3,0.6879699248120301,0.468,0.504424778761062,0.6785714285714286,0.5786802030456852,153,113,234
361,0.22,3.8,0.25,0.4,0.7130177514792899,0.324,0.6216216216216216,0.8098591549295775,0.7033639143730887,153,185,162
362,0.22,3.8,0.25,0.5,0.7665903890160183,0.126,0.7359154929577465,0.885593220338983,0.8038461538461539,153,284,63
363,0.22,3.8,0.25,0.6,0.7861507128309573,0.018,0.7692307692307693,0.9059233449477352,0.832,153,338,9
364,0.22,3.8,0.25,0.7,0.7875751503006012,0.002,0.7716763005780347,0.9081632653061225,0.834375,153,346,1
365,0.22,3.8,0.2,0.3,0.7056277056277056,0.538,0.47435897435897434,0.578125,0.5211267605633803,153,78,269
366,0.22,3.8,0.2,0.4,0.6853932584269663,0.466,0.5,0.6785714285714286,0.5757575757575758,153,114,233
367,0.22,3.8,0.2,0.5,0.7151335311572701,0.326,0.625,0.8098591549295775,0.7055214723926381,153,184,163
368,0.22,3.8,0.2,0.6,0.7603686635944701,0.132,0.7259786476868327,0.8831168831168831,0.796875,153,281,66
369,0.22,3.8,0.2,0.7,0.7849898580121704,0.014,0.7676470588235295,0.90625,0.8312101910828026,153,340,7
370,0.22,3.8,0.15,0.3,0.751269035532995,0.606,0.5,0.4489795918367347,0.4731182795698925,153,44,303
371,0.22,3.8,0.15,0.4,0.6982758620689655,0.536,0.45569620253164556,0.5714285714285714,0.5070422535211268,153,79,268
372,0.22,3.8,0.15,0.5,0.6851851851851852,0.46,0.5042735042735043,0.686046511627907,0.5812807881773399,153,117,230
373,0.22,3.8,0.15,0.6,0.7113702623906706,0.314,0.6210526315789474,0.8137931034482758,0.7044776119402985,153,190,157
374,0.22,3.8,0.15,0.7,0.775330396475771,0.092,0.7508305647840532,0.8932806324110671,0.8158844765342961,153,301,46
375,0.24,2.2,,0.3,0.7724867724867724,0.622,0.5357142857142857,0.3333333333333333,0.410958904109589,161,28,311
376,0.24,2.2,,0.4,0.7724867724867724,0.622,0.5357142857142857,0.3333333333333333,0.410958904109589,161,28,311
377,0.24,2.2,,0.5,0.7724867724867724,0.622,0.5357142857142857,0.3333333333333333,0.410958904109589,161,28,311
378,0.24,2.2,,0.6,0.7724867724867724,0.622,0.5357142857142857,0.3333333333333333,0.410958904109589,161,28,311
379,0.24,2.2,,0.7,0.7724867724867724,0.622,0.5357142857142857,0.3333333333333333,0.410958904109589,161,28,311
380,0.24,2.2,0.3,0.3,0.7724867724867724,0.622,0.5357142857142857,0.3333333333333333,0.410958904109589,161,28,311
381,0.24,2.2,0.3,0.4,0.7724867724867724,0.622,0.5357142857142857,0.3333333333333333,0.410958904109589,161,28,311
382,0.24,2.2,0.3,0.5,0.7724867724867724,0.622,0.5357142857142857,0.3333333333333333,0.410958904109589,161,28,311
383,0.24,2.2,0.3,0.6,0.7724867724867724,0.622,0.5357142857142857,0.3333333333333333,0.410958904109589,161,28,311
384,0.24,2.2,0.3,0.7,0.7724867724867724,0.622,0.5357142857142857,0.3333333333333333,0.410958904109589,161,28,311
385,0.24,2.2,0.25,0.3,0.7724867724867724,0.622,0.5357142857142857,0.3333333333333333,0.410958904109589,161,28,311
386,0.24,2.2,0.25,0.4,0.7724867724867724,0.622,0.5357142857142857,0.3333333333333333,0.410958904109589,161,28,311
387,0.24,2.2,0.25,0.5,0.7724867724867724,0.622,0.5357142857142857,0.3333333333333333,0.410958904109589,161,28,311
388,0.24,2.2,0.25,0.6,0.7724867724867724,0.622,0.5357142857142857,0.3333333333333333,0.410958904109589,161,28,311
389,0.24,2.2,0.25,0.7,0.7724867724867724,0.622,0.5357142857142857,0.3333333333333333,0.410958904109589,161,28,311
390,0.24,2.2,0.2,0.3,0.7724867724867724,0.622,0.5357142857142857,0.3333333333333333,0.410958904109589,161,28,311
391,0.24,2.2,0.2,0.4,0.7724867724867724,0.622,0.5357142857142857,0.3333333333333333,0.410958904109589,161,28,311
392,0.24,2.2,0.2,0.5,0.7724867724867724,0.622,0.5357142857142857,0.3333333333333333,0.410958904109589,161,28,311
393,0.24,2.2,0.2,0.6,0.7724867724867724,0.622,0.5357142857142857,0.3333333333333333,0.410958904109589,161,28,311
394,0.24,2.2,0.2,0.7,0.7724867724867724,0.622,0.5357142857142857,0.3333333333333333,0.410958904109589,161,28,311
395,0.24,2.2,0.15,0.3,0.7741935483870968,0.628,0.52,0.3023255813953488,0.38235294117647056,161,25,314
396,0.24,2.2,0.15,0.4,0.7712765957446809,0.624,0.5185185185185185,0.3181818181818182,0.39436619718309857,161,27,312
397,0.24,2.2,0.15,0.5,0.7724867724867724,0.622,0.5357142857142857,0.3333333333333333,0.410958904109589,161,28,311
398,0.24,2.2,0.15,0.6,0.7724867724867724,0.622,0.5357142857142857,0.3333333333333333,0.410958904109589,161,28,311
399,0.24,2.2,0.15,0.7,0.7724867724867724,0.622,0.5357142857142857,0.3333333333333333,0.410958904109589,161,28,311
400,0.24,2.6,,0.3,0.7232142857142857,0.552,0.49206349206349204,0.5081967213114754,0.5,161,63,276
401,0.24,2.6,,0.4,0.7232142857142857,0.552,0.49206349206349204,0.5081967213114754,0.5,161,63,276
402,0.24,2.6,,0.5,0.7232142857142857,0.552,0.49206349206349204,0.5081967213114754,0.5,161,63,276
403,0.24,2.6,,0.6,0.7232142857142857,0.552,0.49206349206349204,0.5081967213114754,0.5,161,63,276
404,0.24,2.6,,0.7,0.7232142857142857,0.552,0.49206349206349204,0.5081967213114754,0.5,161,63,276
405,0.24,2.6,0.3,0.3,0.7232142857142857,0.552,0.49206349206349204,0.5081967213114754,0.5,161,63,276
406,0.24,2.6,0.3,0.4,0.7232142857142857,0.552,0.49206349206349204,0.5081967213114754,0.5,161,63,276
407,0.24,2.6,0.3,0.5,0.7232142857142857,0.552,0.49206349206349204,0.5081967213114754,0.5,161,63,276
408,0.24,2.6,0.3,0.6,0.7232142857142857,0.552,0.49206349206349204,0.5081967213114754,0.5,161,63,276
409,0.24,2.6,0.3,0.7,0.7232142857142857,0.552,0.49206349206349204,0.5081967213114754,0.5,161,63,276
410,0.24,2.6,0.25,0.3,0.7232142857142857,0.552,0.49206349206349204,0.5081967213114754,0.5,161,63,276
411,0.24,2.6,0.25,0.4,0.7232142857142857,0.552,0.49206349206349204,0.5081967213114754,0.5,161,63,276
412,0.24,2.6,0.25,0.5,0.7232142857142857,0.552,0.49206349206349204,0.5081967213114754,0.5,161,63,276
413,0.24,2.6,0.25,0.6,0.7232142857142857,0.552,0.49206349206349204,0.5081967213114754,0.5,161,63,276
414,0.24,2.6,0.25,0.7,0.7232142857142857,0.552,0.49206349206349204,0.5081967213114754,0.5,161,63,276
415,0.24,2.6,0.2,0.3,0.7235023041474654,0.566,0.4642857142857143,0.4642857142857143,0.4642857142857143,161,56,283
416,0.24,2.6,0.2,0.4,0.7207207207207207,0.556,0.47540983606557374,0.4915254237288136,0.48333333333333334,161,61,278
417,0.24,2.6,0.2,0.5,0.7232142857142857,0.552,0.49206349206349204,0.5081967213114754,0.5,161,63,276
418,0.24,2.6,0.2,0.6,0.7232142857142857,0.552,0.49206349206349204,0.5081967213114754,0.5,161,63,276
419,0.24,2.6,0.2,0.7,0.7232142857142857,0.552,0.49206349206349204,0.5081967213114754,0.5,161,63,276
420,0.24,2.6,0.15,0.3,0.764102564102564,0.61,0.5294117647058824,0.375,0.43902439024390244,161,34,305
421,0.24,2.6,0.15,0.4,0.7311320754716981,0.576,0.47058823529411764,0.4444444444444444,0.45714285714285713,161,51,288
422,0.24,2.6,0.15,0.5,0.7194570135746606,0.558,0.4666666666666667,0.4827586206896552,0.4745762711864407,161,60,279
423,0.24,2.6,0.15,0.6,0.7219730941704036,0.554,0.4838709677419355,0.5,0.4918032786885246,161,62,277
424,0.24,2.6,0.15,0.7,0.7232142857142857,0.552,0.49206349206349204,0.5081967213114754,0.5,161,63,276
425,0.24,3.0,,0.3,0.7074829931972789,0.412,0.5789473684210527,0.719626168224299,0.6416666666666667,161,133,206
426,0.24,3.0,,0.4,0.7074829931972789,0.412,0.5789473684210527,0.719626168224299,0.6416666666666667,161,133,206
427,0.24,3.0,,0.5,0.7074829931972789,0.412,0.5789473684210527,0.719626168224299,0.6416666666666667,161,133,206
428,0.24,3.0,,0.6,0.7074829931972789,0.412,0.5789473684210527,0.719626168224299,0.6416666666666667,161,133,206
429,0.24,3.0,,0.7,0.7074829931972789,0.412,0.5789473684210527,0.719626168224299,0.6416666666666667,161,133,206
430,0.24,3.0,0.3,0.3,0.7073170731707317,0.426,0.5714285714285714,0.7058823529411765,0.631578947368421,161,126,213
431,0.24,3.0,0.3,0.4,0.7074829931972789,0.412,0.5789473684210527,0.719626168224299,0.6416666666666667,161,133,206
432,0.24,3.0,0.3,0.5,0.7074829931972789,0.412,0.5789473684210527,0.719626168224299,0.6416666666666667,161,133,206
433,0.24,3.0,0.3,0.6,0.7074829931972789,0.412,0.5789473684210527,0.719626168224299,0.6416666666666667,161,133,206
434,0.24,3.0,0.3,0.7,0.7074829931972789,0.412,0.5789473684210527,0.719626168224299,0.6416666666666667,161,133,206
435,0.24,3.0,0.25,0.3,0.6961538461538461,0.48,0.5050505050505051,0.625,0.5586592178770949,161,99,240
436,0.24,3.0,0.25,0.4,0.7054794520547946,0.416,0.5725190839694656,0.7142857142857143,0.635593220338983,161,131,208
437,0.24,3.0,0.25,0.5,0.7074829931972789,0.412,0.5789473684210527,0.719626168224299,0.6416666666666667,161,133,206
438,0.24,3.0,0.25,0.6,0.7074829931972789,0.412,0.5789473684210527,0.719626168224299,0.6416666666666667,161,133,206
439,0.24,3.0,0.25,0.7,0.7074829931972789,0.412,0.5789473684210527,0.719626168224299,0.6416666666666667,161,133,206
440,0.24,3.0,0.2,0.3,0.7142857142857143,0.538,0.4857142857142857,0.53125,0.5074626865671642,161,70,269
441,0.24,3.0,0.2,0.4,0.7003891050583657,0.486,0.5104166666666666,0.620253164556962,0.56,161,96,243
442,0.24,3.0,0.2,0.5,0.7058823529411765,0.422,0.5703125,0.7087378640776699,0.6320346320346321,161,128,211
443,0.24,3.0,0.2,0.6,0.7074829931972789,0.412,0.5789473684210527,0.719626168224299,0.6416666666666667,161,133,206
444,0.24,3.0,0.2,0.7,0.7074829931972789,0.412,0.5789473684210527,0.719626168224299,0.6416666666666667,161,133,206
445,0.24,3.0,0.15,0.3,0.7614213197969543,0.606,0.5277777777777778,0.3877551020408163,0.4470588235294118,161,36,303
446,0.24,3.0,0.15,0.4,0.7056277056277056,0.538,0.45714285714285713,0.5161290322580645,0.48484848484848486,161,70,269
447,0.24,3.0,0.15,0.5,0.6937984496124031,0.484,0.4948453608247423,0.6153846153846154,0.5485714285714286,161,97,242
448,0.24,3.0,0.15,0.6,0.6985815602836879,0.436,0.5454545454545454,0.6875,0.6082949308755761,161,121,218
449,0.24,3.0,0.15,0.7,0.7054794520547946,0.416,0.5725190839694656,0.7142857142857143,0.635593220338983,161,131,208
450,0.24,3.4,,0.3,0.7704545454545455,0.12,0.7455197132616488,0.8739495798319328,0.804642166344294,161,279,60
451,0.24,3.4,,0.4,0.7704545454545455,0.12,0.7455197132616488,0.8739495798319328,0.804642166344294,161,279,60
452,0.24,3.4,,0.5,0.7704545454545455,0.12,0.7455197132616488,0.8739495798319328,0.804642166344294,161,279,60
453,0.24,3.4,,0.6,0.7704545454545455,0.12,0.7455197132616488,0.8739495798319328,0.804642166344294,161,279,60
454,0.24,3.4,,0.7,0.7704545454545455,0.12,0.7455197132616488,0.8739495798319328,0.804642166344294,161,279,60
455,0.24,3.4,0.3,0.3,0.7039473684210527,0.392,0.5804195804195804,0.7345132743362832,0.6484375,161,143,196
456,0.24,3.4,0.3,0.4,0.751269035532995,0.212,0.7081545064377682,0.8461538461538461,0.7710280373831776,161,233,106
457,0.24,3.4,0.3,0.5,0.7729357798165137,0.128,0.7490909090909091,0.8728813559322034,0.8062622309197651,161,275,64
458,0.24,3.4,0.3,0.6,0.7704545454545455,0.12,0.7455197132616488,0.8739495798319328,0.804642166344294,161,279,60
459,0.24,3.4,0.3,0.7,0.7704545454545455,0.12,0.7455197132616488,0.8739495798319328,0.804642166344294,161,279,60
460,0.24,3.4,0.25,0.3,0.6954887218045113,0.468,0.5142857142857142,0.6428571428571429,0.5714285714285714,161,105,234
461,0.24,3.4,0.25,0.4,0.7189349112426036,0.324,0.632768361581921,0.7887323943661971,0.7021943573667712,161,177,162
462,0.24,3.4,0.25,0.5,0.7644230769230769,0.168,0.7333333333333333,0.8617511520737328,0.7923728813559322,161,255,84
463,0.24,3.4,0.25,0.6,0.771689497716895,0.124,0.7472924187725631,0.8734177215189873,0.8054474708171206,161,277,62
464,0.24,3.4,0.25,0.7,0.7704545454545455,0.12,0.7455197132616488,0.8739495798319328,0.804642166344294,161,279,60
465,0.24,3.4,0.2,0.3,0.7142857142857143,0.538,0.4857142857142857,0.53125,0.5074626865671642,161,70,269
466,0.24,3.4,0.2,0.4,0.6928838951310862,0.466,0.5094339622641509,0.6428571428571429,0.5684210526315789,161,106,233
467,0.24,3.4,0.2,0.5,0.7223880597014926,0.33,0.6379310344827587,0.7872340425531915,0.7047619047619048,161,174,165
468,0.24,3.4,0.2,0.6,0.7585365853658537,0.18,0.7228915662650602,0.8571428571428571,0.7843137254901961,161,249,90
469,0.24,3.4,0.2,0.7,0.769406392694064,0.124,0.7436823104693141,0.8728813559322034,0.8031189083820662,161,277,62
470,0.24,3.4,0.15,0.3,0.7614213197969543,0.606,0.5277777777777778,0.3877551020408163,0.4470588235294118,161,36,303
471,0.24,3.4,0.15,0.4,0.7068965517241379,0.536,0.4647887323943662,0.5238095238095238,0.4925373134328358,161,71,268
472,0.24,3.4,0.15,0.5,0.6925925925925925,0.46,0.5137614678899083,0.6511627906976745,0.5743589743589743,161,109,230
473,0.24,3.4,0.15,0.6,0.7176470588235294,0.32,0.6312849162011173,0.7902097902097902,0.7018633540372671,161,179,160
474,0.24,3.4,0.15,0.7,0.7673860911270983,0.166,0.73828125,0.863013698630137,0.7957894736842105,161,256,83
475,0.24,3.8,,0.3,0.792,0.0,0.7817109144542773,0.8983050847457628,0.8359621451104101,161,339,0
476,0.24,3.8,,0.4,0.792,0.0,0.7817109144542773,0.8983050847457628,0.8359621451104101,161,339,0
477,0.24,3.8,,0.5,0.792,0.0,0.7817109144542773,0.8983050847457628,0.8359621451104101,161,339,0
478,0.24,3.8,,0.6,0.792,0.0,0.7817109144542773,0.8983050847457628,0.8359621451104101,161,339,0
479,0.24,3.8,,0.7,0.792,0.0,0.7817109144542773,0.8983050847457628,0.8359621451104101,161,339,0
480,0.24,3.8,0.3,0.3,0.7039473684210527,0.392,0.5804195804195804,0.7345132743362832,0.6484375,161,143,196
481,0.24,3.8,0.3,0.4,0.7518796992481203,0.202,0.7100840336134454,0.8492462311557789,0.7734553775743707,161,238,101
482,0.24,3.8,0.3,0.5,0.7861635220125787,0.046,0.7721518987341772,0.8905109489051095,0.8271186440677966,161,316,23
483,0.24,3.8,0.3,0.6,0.7903225806451613,0.008,0.7791044776119403,0.8969072164948454,0.8338658146964856,161,335,4
484,0.24,3.8,0.3,0.7,0.7915831663326653,0.002,0.7810650887573964,0.8979591836734694,0.8354430379746836,161,338,1
485,0.24,3.8,0.25,0.3,0.6954887218045113,0.468,0.5142857142857142,0.6428571428571429,0.5714285714285714,161,105,234
486,0.24,3.8,0.25,0.4,0.7189349112426036,0.324,0.632768361581921,0.7887323943661971,0.7021943573667712,161,177,162
487,0.24,3.8,0.25,0.5,0.7711670480549199,0.126,0.7463768115942029,0.8728813559322034,0.8046875,161,276,63
488,0.24,3.8,0.25,0.6,0.790224032586558,0.018,0.7787878787878788,0.8954703832752613,0.833063209076175,161,330,9
489,0.24,3.8,0.25,0.7,0.7915831663326653,0.002,0.7810650887573964,0.8979591836734694,0.8354430379746836,161,338,1
490,0.24,3.8,0.2,0.3,0.7142857142857143,0.538,0.4857142857142857,0.53125,0.5074626865671642,161,70,269
491,0.24,3.8,0.2,0.4,0.6928838951310862,0.466,0.5094339622641509,0.6428571428571429,0.5684210526315789,161,106,233
492,0.24,3.8,0.2,0.5,0.7210682492581603,0.326,0.6363636363636364,0.7887323943661971,0.7044025157232704,161,176,163
493,0.24,3.8,0.2,0.6,0.7649769585253456,0.132,0.7362637362637363,0.8701298701298701,0.7976190476190477,161,273,66
494,0.24,3.8,0.2,0.7,0.7890466531440162,0.014,0.7771084337349398,0.8958333333333334,0.832258064516129,161,332,7
495,0.24,3.8,0.15,0.3,0.7614213197969543,0.606,0.5277777777777778,0.3877551020408163,0.4470588235294118,161,36,303
496,0.24,3.8,0.15,0.4,0.7068965517241379,0.536,0.4647887323943662,0.5238095238095238,0.4925373134328358,161,71,268
497,0.24,3.8,0.15,0.5,0.6925925925925925,0.46,0.5137614678899083,0.6511627906976745,0.5743589743589743,161,109,230
498,0.24,3.8,0.15,0.6,0.717201166180758,0.314,0.6318681318681318,0.7931034482758621,0.7033639143730887,161,182,157
499,0.24,3.8,0.15,0.7,0.7797356828193832,0.092,0.7610921501706485,0.8814229249011858,0.8168498168498168,161,293,46
500,0.26,2.2,,0.3,0.7731958762886598,0.612,0.56,0.2978723404255319,0.3888888888888889,169,25,306
501,0.26,2.2,,0.4,0.7731958762886598,0.612,0.56,0.2978723404255319,0.3888888888888889,169,25,306
502,0.26,2.2,,0.5,0.7731958762886598,0.612,0.56,0.2978723404255319,0.3888888888888889,169,25,306
503,0.26,2.2,,0.6,0.7731958762886598,0.612,0.56,0.2978723404255319,0.3888888888888889,169,25,306
504,0.26,2.2,,0.7,0.7731958762886598,0.612,0.56,0.2978723404255319,0.3888888888888889,169,25,306
505,0.26,2.2,0.3,0.3,0.7731958762886598,0.612,0.56,0.2978723404255319,0.3888888888888889,169,25,306
506,0.26,2.2,0.3,0.4,0.7731958762886598,0.612,0.56,0.2978723404255319,0.3888888888888889,169,25,306
507,0.26,2.2,0.3,0.5,0.7731958762886598,0.612,0.56,0.2978723404255319,0.3888888888888889,169,25,306
508,0.26,2.2,0.3,0.6,0.7731958762886598,0.612,0.56,0.2978723404255319,0.3888888888888889,169,25,306
509,0.26,2.2,0.3,0.7,0.7731958762886598,0.612,0.56,0.2978723404255319,0.3888888888888889,169,25,306
510,0.26,2.2,0.25,0.3,0.7731958762886598,0.612,0.56,0.2978723404255319,0.3888888888888889,169,25,306
511,0.26,2.2,0.25,0.4,0.7731958762886598,0.612,0.56,0.2978723404255319,0.3888888888888889,169,25,306
512,0.26,2.2,0.25,0.5,0.7731958762886598,0.612,0.56,0.2978723404255319,0.3888888888888889,169,25,306
513,0.26,2.2,0.25,0.6,0.7731958762886598,0.612,0.56,0.2978723404255319,0.3888888888888889,169,25,306
514,0.26,2.2,0.25,0.7,0.7731958762886598,0.612,0.56,0.2978723404255319,0.3888888888888889,169,25,306
515,0.26,2.2,0.2,0.3,0.7731958762886598,0.612,0.56,0.2978723404255319,0.3888888888888889,169,25,306
516,0.26,2.2,0.2,0.4,0.7731958762886598,0.612,0.56,0.2978723404255319,0.3888888888888889,169,25,306
517,0.26,2.2,0.2,0.5,0.7731958762886598,0.612,0.56,0.2978723404255319,0.3888888888888889,169,25,306
518,0.26,2.2,0.2,0.6,0.7731958762886598,0.612,0.56,0.2978723404255319,0.3888888888888889,169,25,306
519,0.26,2.2,0.2,0.7,0.7731958762886598,0.612,0.56,0.2978723404255319,0.3888888888888889,169,25,306
520,0.26,2.2,0.15,0.3,0.7708333333333334,0.616,0.5217391304347826,0.26666666666666666,0.35294117647058826,169,23,308
521,0.26,2.2,0.15,0.4,0.772020725388601,0.614,0.5416666666666666,0.2826086956521739,0.37142857142857144,169,24,307
522,0.26,2.2,0.15,0.5,0.7731958762886598,0.612,0.56,0.2978723404255319,0.3888888888888889,169,25,306
523,0.26,2.2,0.15,0.6,0.7731958762886598,0.612,0.56,0.2978723404255319,0.3888888888888889,169,25,306
524,0.26,2.2,0.15,0.7,0.7731958762886598,0.612,0.56,0.2978723404255319,0.3888888888888889,169,25,306
525,0.26,2.6,,0.3,0.7333333333333333,0.55,0.5178571428571429,0.46774193548387094,0.4915254237288136,169,56,275
526,0.26,2.6,,0.4,0.7333333333333333,0.55,0.5178571428571429,0.46774193548387094,0.4915254237288136,169,56,275
527,0.26,2.6,,0.5,0.7333333333333333,0.55,0.5178571428571429,0.46774193548387094,0.4915254237288136,169,56,275
528,0.26,2.6,,0.6,0.7333333333333333,0.55,0.5178571428571429,0.46774193548387094,0.4915254237288136,169,56,275
529,0.26,2.6,,0.7,0.7333333333333333,0.55,0.5178571428571429,0.46774193548387094,0.4915254237288136,169,56,275
530,0.26,2.6,0.3,0.3,0.7333333333333333,0.55,0.5178571428571429,0.46774193548387094,0.4915254237288136,169,56,275
531,0.26,2.6,0.3,0.4,0.7333333333333333,0.55,0.5178571428571429,0.46774193548387094,0.4915254237288136,169,56,275
532,0.26,2.6,0.3,0.5,0.7333333333333333,0.55,0.5178571428571429,0.46774193548387094,0.4915254237288136,169,56,275
533,0.26,2.6,0.3,0.6,0.7333333333333333,0.55,0.5178571428571429,0.46774193548387094,0.4915254237288136,169,56,275
534,0.26,2.6,0.3,0.7,0.7333333333333333,0.55,0.5178571428571429,0.46774193548387094,0.4915254237288136,169,56,275
535,0.26,2.6,0.25,0.3,0.7333333333333333,0.55,0.5178571428571429,0.46774193548387094,0.4915254237288136,169,56,275
536,0.26,2.6,0.25,0.4,0.7333333333333333,0.55,0.5178571428571429,0.46774193548387094,0.4915254237288136,169,56,275
537,0.26,2.6,0.25,0.5,0.7333333333333333,0.55,0.5178571428571429,0.46774193548387094,0.4915254237288136,169,56,275
538,0.26,2.6,0.25,0.6,0.7333333333333333,0.55,0.5178571428571429,0.46774193548387094,0.4915254237288136,169,56,275
539,0.26,2.6,0.25,0.7,0.7333333333333333,0.55,0.5178571428571429,0.46774193548387094,0.4915254237288136,169,56,275
540,0.26,2.6,0.2,0.3,0.7339449541284404,0.564,0.4897959183673469,0.42105263157894735,0.4528301886792453,169,49,282
541,0.26,2.6,0.2,0.4,0.7309417040358744,0.554,0.5,0.45,0.47368421052631576,169,54,277
542,0.26,2.6,0.2,0.5,0.7333333333333333,0.55,0.5178571428571429,0.46774193548387094,0.4915254237288136,169,56,275
543,0.26,2.6,0.2,0.6,0.7333333333333333,0.55,0.5178571428571429,0.46774193548387094,0.4915254237288136,169,56,275
544,0.26,2.6,0.2,0.7,0.7333333333333333,0.55,0.5178571428571429,0.46774193548387094,0.4915254237288136,169,56,275
545,0.26,2.6,0.15,0.3,0.7638190954773869,0.602,0.5333333333333333,0.32653061224489793,0.4050632911392405,169,30,301
546,0.26,2.6,0.15,0.4,0.7417840375586855,0.574,0.5,0.4,0.4444444444444444,169,44,287
547,0.26,2.6,0.15,0.5,0.7297297297297297,0.556,0.49056603773584906,0.4406779661016949,0.4642857142857143,169,53,278
548,0.26,2.6,0.15,0.6,0.7321428571428571,0.552,0.509090909090909,0.45901639344262296,0.4827586206896552,169,55,276
549,0.26,2.6,0.15,0.7,0.7333333333333333,0.55,0.5178571428571429,0.46774193548387094,0.4915254237288136,169,56,275
550,0.26,3.0,,0.3,0.7142857142857143,0.412,0.592,0.6915887850467289,0.6379310344827587,169,125,206
551,0.26,3.0,,0.4,0.7142857142857143,0.412,0.592,0.6915887850467289,0.6379310344827587,169,125,206
552,0.26,3.0,,0.5,0.7142857142857143,0.412,0.592,0.6915887850467289,0.6379310344827587,169,125,206
553,0.26,3.0,,0.6,0.7142857142857143,0.412,0.592,0.6915887850467289,0.6379310344827587,169,125,206
554,0.26,3.0,,0.7,0.7142857142857143,0.412,0.592,0.6915887850467289,0.6379310344827587,169,125,206
555,0.26,3.0,0.3,0.3,0.7142857142857143,0.426,0.5847457627118644,0.6764705882352942,0.6272727272727273,169,118,213
556,0.26,3.0,0.3,0.4,0.7142857142857143,0.412,0.592,0.6915887850467289,0.6379310344827587,169,125,206
557,0.26,3.0,0.3,0.5,0.7142857142857143,0.412,0.592,0.6915887850467289,0.6379310344827587,169,125,206
558,0.26,3.0,0.3,0.6,0.7142857142857143,0.412,0.592,0.6915887850467289,0.6379310344827587,169,125,206
559,0.26,3.0,0.3,0.7,0.7142857142857143,0.412,0.592,0.6915887850467289,0.6379310344827587,169,125,206
560,0.26,3.0,0.25,0.3,0.7038461538461539,0.48,0.5164835164835165,0.5875,0.5497076023391813,169,91,240
561,0.26,3.0,0.25,0.4,0.7123287671232876,0.416,0.5853658536585366,0.6857142857142857,0.631578947368421,169,123,208
562,0.26,3.0,0.25,0.5,0.7142857142857143,0.412,0.592,0.6915887850467289,0.6379310344827587,169,125,206
563,0.26,3.0,0.25,0.6,0.7142857142857143,0.412,0.592,0.6915887850467289,0.6379310344827587,169,125,206
564,0.26,3.0,0.25,0.7,0.7142857142857143,0.412,0.592,0.6915887850467289,0.6379310344827587,169,125,206
565,0.26,3.0,0.2,0.3,0.7229437229437229,0.538,0.5,0.484375,0.49206349206349204,169,62,269
566,0.26,3.0,0.2,0.4,0.708171206225681,0.486,0.5227272727272727,0.5822784810126582,0.5508982035928144,169,88,243
567,0.26,3.0,0.2,0.5,0.71280276816609,0.422,0.5833333333333334,0.6796116504854369,0.6278026905829597,169,120,211
568,0.26,3.0,0.2,0.6,0.7142857142857143,0.412,0.592,0.6915887850467289,0.6379310344827587,169,125,206
569,0.26,3.0,0.2,0.7,0.7142857142857143,0.412,0.592,0.6915887850467289,0.6379310344827587,169,125,206
570,0.26,3.0,0.15,0.3,0.7611940298507462,0.598,0.53125,0.34,0.4146341463414634,169,32,299
571,0.26,3.0,0.15,0.4,0.7142857142857143,0.538,0.46774193548387094,0.46774193548387094,0.46774193548387094,169,62,269
572,0.26,3.0,0.15,0.5,0.7015503875968992,0.484,0.5056179775280899,0.5769230769230769,0.5389221556886228,169,89,242
573,0.26,3.0,0.15,0.6,0.7056737588652482,0.436,0.5575221238938053,0.65625,0.6028708133971292,169,113,218
574,0.26,3.0,0.15,0.7,0.7123287671232876,0.416,0.5853658536585366,0.6857142857142857,0.631578947368421,169,123,208
575,0.26,3.4,,0.3,0.775,0.12,0.7564575645756457,0.8613445378151261,0.8055009823182712,169,271,60
576,0.26,3.4,,0.4,0.775,0.12,0.7564575645756457,0.8613445378151261,0.8055009823182712,169,271,60
577,0.26,3.4,,0.5,0.775,0.12,0.7564575645756457,0.8613445378151261,0.8055009823182712,169,271,60
578,0.26,3.4,,0.6,0.775,0.12,0.7564575645756457,0.8613445378151261,0.8055009823182712,169,271,60
579,0.26,3.4,,0.7,0.775,0.12,0.7564575645756457,0.8613445378151261,0.8055009823182712,169,271,60
580,0.26,3.4,0.3,0.3,0.7105263157894737,0.392,0.5925925925925926,0.7079646017699115,0.6451612903225806,169,135,196
581,0.26,3.4,0.3,0.4,0.7563451776649747,0.212,0.72,0.8307692307692308,0.7714285714285715,169,225,106
582,0.26,3.4,0.3,0.5,0.7775229357798165,0.128,0.7602996254681648,0.8601694915254238,0.8071570576540755,169,267,64
583,0.26,3.4,0.3,0.6,0.775,0.12,0.7564575645756457,0.8613445378151261,0.8055009823182712,169,271,60
584,0.26,3.4,0.3,0.7,0.775,0.12,0.7564575645756457,0.8613445378151261,0.8055009823182712,169,271,60
585,0.26,3.4,0.25,0.3,0.7030075187969925,0.468,0.5257731958762887,0.6071428571428571,0.56353591160221,169,97,234
586,0.26,3.4,0.25,0.4,0.7248520710059172,0.324,0.6449704142011834,0.7676056338028169,0.7009646302250804,169,169,162
587,0.26,3.4,0.25,0.5,0.7692307692307693,0.168,0.7449392712550608,0.847926267281106,0.7931034482758621,169,247,84
588,0.26,3.4,0.25,0.6,0.776255707762557,0.124,0.758364312267658,0.8607594936708861,0.8063241106719368,169,269,62
589,0.26,3.4,0.25,0.7,0.775,0.12,0.7564575645756457,0.8613445378151261,0.8055009823182712,169,271,60
590,0.26,3.4,0.2,0.3,0.7229437229437229,0.538,0.5,0.484375,0.49206349206349204,169,62,269
591,0.26,3.4,0.2,0.4,0.700374531835206,0.466,0.5204081632653061,0.6071428571428571,0.5604395604395604,169,98,233
592,0.26,3.4,0.2,0.5,0.7283582089552239,0.33,0.6506024096385542,0.7659574468085106,0.7035830618892508,169,166,165
593,0.26,3.4,0.2,0.6,0.7634146341463415,0.18,0.7344398340248963,0.8428571428571429,0.7849223946784922,169,241,90
594,0.26,3.4,0.2,0.7,0.773972602739726,0.124,0.7546468401486989,0.8601694915254238,0.803960396039604,169,269,62
595,0.26,3.4,0.15,0.3,0.7611940298507462,0.598,0.53125,0.34,0.4146341463414634,169,32,299
596,0.26,3.4,0.15,0.4,0.7155172413793104,0.536,0.47619047619047616,0.47619047619047616,0.47619047619047616,169,63,268
597,0.26,3.4,0.15,0.5,0.7,0.46,0.5247524752475248,0.6162790697674418,0.5668449197860963,169,101,230
598,0.26,3.4,0.15,0.6,0.7235294117647059,0.32,0.6432748538011696,0.7692307692307693,0.7006369426751592,169,171,160
599,0.26,3.4,0.15,0.7,0.7721822541966427,0.166,0.75,0.8493150684931506,0.7965738758029979,169,248,83
600,0.26,3.8,,0.3,0.796,0.0,0.7915407854984894,0.888135593220339,0.8370607028753994,169,331,0
601,0.26,3.8,,0.4,0.796,0.0,0.7915407854984894,0.888135593220339,0.8370607028753994,169,331,0
602,0.26,3.8,,0.5,0.796,0.0,0.7915407854984894,0.888135593220339,0.8370607028753994,169,331,0
603,0.26,3.8,,0.6,0.796,0.0,0.7915407854984894,0.888135593220339,0.8370607028753994,169,331,0
604,0.26,3.8,,0.7,0.796,0.0,0.7915407854984894,0.888135593220339,0.8370607028753994,169,331,0
605,0.26,3.8,0.3,0.3,0.7105263157894737,0.392,0.5925925925925926,0.7079646017699115,0.6451612903225806,169,135,196
606,0.26,3.8,0.3,0.4,0.7568922305764411,0.202,0.7217391304347827,0.8341708542713567,0.7738927738927739,169,230,101
607,0.26,3.8,0.3,0.5,0.790356394129979,0.046,0.7824675324675324,0.8795620437956204,0.8281786941580757,169,308,23
608,0.26,3.8,0.3,0.6,0.7943548387096774,0.008,0.7889908256880734,0.8865979381443299,0.8349514563106796,169,327,4
609,0.26,3.8,0.3,0.7,0.7955911823647295,0.002,0.7909090909090909,0.8877551020408163,0.8365384615384616,169,330,1
610,0.26,3.8,0.25,0.3,0.7030075187969925,0.468,0.5257731958762887,0.6071428571428571,0.56353591160221,169,97,234
611,0.26,3.8,0.25,0.4,0.7248520710059172,0.324,0.6449704142011834,0.7676056338028169,0.7009646302250804,169,169,162
612,0.26,3.8,0.25,0.5,0.7757437070938215,0.126,0.7574626865671642,0.8601694915254238,0.8055555555555556,169,268,63
613,0.26,3.8,0.25,0.6,0.7942973523421588,0.018,0.7888198757763976,0.8850174216027874,0.8341543513957307,169,322,9
614,0.26,3.8,0.25,0.7,0.7955911823647295,0.002,0.7909090909090909,0.8877551020408163,0.8365384615384616,169,330,1
615,0.26,3.8,0.2,0.3,0.7229437229437229,0.538,0.5,0.484375,0.49206349206349204,169,62,269
616,0.26,3.8,0.2,0.4,0.700374531835206,0.466,0.5204081632653061,0.6071428571428571,0.5604395604395604,169,98,233
617,0.26,3.8,0.2,0.5,0.7270029673590505,0.326,0.6488095238095238,0.7676056338028169,0.7032258064516129,169,168,163
618,0.26,3.8,0.2,0.6,0.7695852534562212,0.132,0.7471698113207547,0.8571428571428571,0.7983870967741935,169,265,66
619,0.26,3.8,0.2,0.7,0.7931034482758621,0.014,0.7870370370370371,0.8854166666666666,0.8333333333333334,169,324,7
620,0.26,3.8,0.15,0.3,0.7611940298507462,0.598,0.53125,0.34,0.4146341463414634,169,32,299
621,0.26,3.8,0.15,0.4,0.7155172413793104,0.536,0.47619047619047616,0.47619047619047616,0.47619047619047616,169,63,268
622,0.26,3.8,0.15,0.5,0.7,0.46,0.5247524752475248,0.6162790697674418,0.5668449197860963,169,101,230
623,0.26,3.8,0.15,0.6,0.7230320699708455,0.314,0.6436781609195402,0.7724137931034483,0.7021943573667712,169,174,157
624,0.26,3.8,0.15,0.7,0.7841409691629956,0.092,0.7719298245614035,0.8695652173913043,0.8178438661710037,169,285,46
